-- MySQL dump 10.13  Distrib 8.0.33, for Win64 (x86_64)
--
-- Host: localhost    Database: todolist
-- ------------------------------------------------------
-- Server version	8.0.33

/*!40101 SET @OLD_CHARACTER_SET_CLIENT=@@CHARACTER_SET_CLIENT */;
/*!40101 SET @OLD_CHARACTER_SET_RESULTS=@@CHARACTER_SET_RESULTS */;
/*!40101 SET @OLD_COLLATION_CONNECTION=@@COLLATION_CONNECTION */;
/*!50503 SET NAMES utf8mb4 */;
/*!40103 SET @OLD_TIME_ZONE=@@TIME_ZONE */;
/*!40103 SET TIME_ZONE='+00:00' */;
/*!40014 SET @OLD_UNIQUE_CHECKS=@@UNIQUE_CHECKS, UNIQUE_CHECKS=0 */;
/*!40014 SET @OLD_FOREIGN_KEY_CHECKS=@@FOREIGN_KEY_CHECKS, FOREIGN_KEY_CHECKS=0 */;
/*!40101 SET @OLD_SQL_MODE=@@SQL_MODE, SQL_MODE='NO_AUTO_VALUE_ON_ZERO' */;
/*!40111 SET @OLD_SQL_NOTES=@@SQL_NOTES, SQL_NOTES=0 */;

CREATE DATABASE IF NOT EXISTS `todolist`;
USE `todolist`;

--
-- Table structure for table `agendas`
--

DROP TABLE IF EXISTS `agendas`;
/*!40101 SET @saved_cs_client     = @@character_set_client */;
/*!50503 SET character_set_client = utf8mb4 */;
CREATE TABLE `agendas` (
  `id` int NOT NULL AUTO_INCREMENT,
  `name` varchar(100) NOT NULL,
  `agenda_status` varchar(45) DEFAULT 'Not Started',
  `create time` timestamp NULL DEFAULT CURRENT_TIMESTAMP,
  `last modified` timestamp NULL DEFAULT CURRENT_TIMESTAMP ON UPDATE CURRENT_TIMESTAMP,
  `status` varchar(45) DEFAULT NULL,
  PRIMARY KEY (`id`)
) ENGINE=InnoDB AUTO_INCREMENT=107 DEFAULT CHARSET=utf8mb4 COLLATE=utf8mb4_0900_ai_ci;
/*!40101 SET character_set_client = @saved_cs_client */;

--
-- Dumping data for table `agendas`
--

LOCK TABLES `agendas` WRITE;
/*!40000 ALTER TABLE `agendas` DISABLE KEYS */;
INSERT INTO `agendas` VALUES (1,'Agenda1','Not started','2023-06-09 13:54:15','2023-06-13 14:04:34','Inactive'),(2,'Agenda Two','On track','2023-06-09 17:21:40','2023-06-13 13:52:01','Inactive'),(3,'Agenda Three','On hold','2023-06-09 17:26:09','2023-06-14 19:11:47','Inactive'),(4,'Agenda 4 edited','Not started','2023-06-09 17:34:27','2023-07-19 10:31:25','Active'),(5,'Agenda Five','On track','2023-06-09 18:53:54','2023-06-26 12:13:44','Active'),(6,'Agenda5','Complete','2023-06-09 19:07:22','2023-07-14 19:40:03','Active'),(7,'agendaSeven','Not Started','2023-06-09 19:08:09','2023-06-12 14:07:30','Inactive'),(8,'agendaEight','On track','2023-06-09 19:08:13','2023-06-13 17:44:33','Active'),(9,'Agenda Nine','On hold','2023-06-09 19:13:05','2023-06-13 17:44:36','Active'),(10,'Agenda10','Off track','2023-06-09 19:14:53','2023-06-15 16:47:53','Inactive'),(11,'Agenda11','Not started','2023-06-09 19:16:03','2023-07-17 19:34:35','Active'),(12,'ATwelve','Not started','2023-06-12 14:08:10','2023-06-15 16:45:25','Inactive'),(13,'Drivers License','Off track','2023-06-13 12:20:24','2023-06-16 10:13:50','Active'),(14,'A14','On track','2023-06-13 17:15:18','2023-06-13 20:57:08','Inactive'),(15,'Coursework','On track','2023-06-15 10:19:13','2023-07-17 10:54:23','Active'),(16,'Agenda 14','Not started','2023-06-15 14:02:41','2023-06-15 16:42:06','Inactive'),(17,'Agenda 15','Not started','2023-06-15 14:14:37','2023-06-15 16:41:50','Inactive'),(18,'Agenda 16','Complete','2023-06-15 14:21:46','2023-06-15 15:14:09','Inactive'),(19,'will be deleted','On hold','2023-06-15 16:46:38','2023-06-15 16:47:20','Inactive'),(20,'to delete','Not started','2023-06-15 17:06:52','2023-06-15 17:07:46','Inactive'),(21,'a','Not started','2023-06-15 17:07:52','2023-06-15 17:09:18','Inactive'),(22,'a1','Not started','2023-06-15 17:09:31','2023-06-15 17:38:35','Inactive'),(23,'A12','Not started','2023-06-16 01:03:04','2023-06-16 01:03:07','Inactive'),(24,'A16','Not started','2023-06-16 01:03:14','2023-06-16 01:03:21','Inactive'),(25,'A17','Not started','2023-06-16 01:03:28','2023-06-16 01:03:51','Inactive'),(26,'Agenda 18 ','On track','2023-06-16 10:22:51','2023-07-14 18:38:38','Active'),(27,'A19','On track','2023-06-16 10:29:32','2023-06-16 19:44:41','Inactive'),(28,'Agenda 20','Not started','2023-06-16 10:38:45','2023-07-17 12:58:42','Active'),(29,'Agenda 21','Not started','2023-06-16 10:39:18','2023-07-17 10:56:33','Active'),(30,'A22','Not started','2023-06-16 11:21:33','2023-06-16 13:28:24','Inactive'),(31,'A23','Not started','2023-06-16 11:21:57','2023-06-16 13:28:17','Inactive'),(32,'A24','Not started','2023-06-16 11:25:53','2023-06-16 13:28:10','Inactive'),(33,'Agenda 22 ','On hold','2023-06-16 13:29:01','2023-07-17 12:59:18','Active'),(34,'Agenda23','Not started','2023-06-16 13:33:11','2023-07-11 12:32:27','Inactive'),(35,'A24','Not started','2023-06-16 19:44:50','2023-06-30 13:13:29','Inactive'),(36,'Agenda24','Not started','2023-06-30 13:13:39','2023-07-11 12:26:08','Inactive'),(37,'Agenda the 25th','Not started','2023-06-30 18:52:23','2023-07-10 13:11:35','Inactive'),(38,'Agenda 26','Off track','2023-07-10 13:11:50','2023-07-10 13:31:13','Inactive'),(39,'Agenda 27','Not started','2023-07-10 18:32:49','2023-07-10 18:35:13','Inactive'),(40,'Agenda25','On hold','2023-07-11 11:42:47','2023-07-11 11:44:21','Inactive'),(41,'A23','Not started','2023-07-11 12:33:57','2023-07-11 12:34:23','Inactive'),(42,'A23','Not started','2023-07-11 12:35:13','2023-07-11 12:35:38','Inactive'),(43,'A23','Not started','2023-07-11 12:36:09','2023-07-11 12:36:41','Inactive'),(44,'Agenda 23','Not started','2023-07-11 18:49:55','2023-07-11 18:58:44','Inactive'),(45,'Agenda the 23rd','On track','2023-07-11 19:03:27','2023-07-11 19:04:25','Inactive'),(46,'Agenda 23 again','On hold','2023-07-11 19:28:23','2023-07-11 19:28:52','Inactive'),(47,'Agenda 23','On hold','2023-07-12 11:21:31','2023-07-12 11:21:45','Inactive'),(48,'Agenda23','Off track','2023-07-12 12:03:49','2023-07-12 19:27:34','Inactive'),(49,'Agenda 24','Complete','2023-07-12 18:33:54','2023-07-12 18:34:49','Inactive'),(50,'UPDATEING NAME','Not started','2023-07-12 18:41:02','2023-07-12 18:54:20','Inactive'),(51,'Agenda 23 again','Off track','2023-07-13 11:44:54','2023-07-13 11:45:10','Inactive'),(52,'Agenda 28','Not started','2023-07-13 12:14:04','2023-07-13 12:14:09','Inactive'),(53,'Agenda 23','On track','2023-07-13 18:34:37','2023-07-17 11:06:33','Active'),(54,'Agenda 24','Not started','2023-07-13 18:34:44','2023-07-13 18:34:44','Active'),(55,'Agenda 25','On hold','2023-07-13 18:34:59','2023-07-14 15:46:47','Active'),(56,'Agenda 26','Not started','2023-07-13 19:16:05','2023-07-13 19:16:05','Active'),(57,'Agenda 27','Complete','2023-07-14 18:34:20','2023-07-14 18:34:43','Active'),(58,'Agenda 28','On hold','2023-07-14 18:41:22','2023-07-14 18:41:26','Active'),(59,'Agenda 29','On hold','2023-07-14 19:30:46','2023-07-14 19:30:49','Active'),(60,'Agenda30','Not started','2023-07-14 19:35:58','2023-07-17 10:58:57','Active'),(61,'Agenda 31','Not started','2023-07-14 19:43:57','2023-07-14 19:43:57','Active'),(62,'Agenda 32','Complete','2023-07-14 19:46:10','2023-07-14 19:54:06','Active'),(63,'Agenda 33','Not started','2023-07-14 20:58:40','2023-07-14 20:58:40','Active'),(64,'Agenda 34','Complete','2023-07-14 21:02:20','2023-07-14 21:02:23','Active'),(65,'Agenda 35','Off track','2023-07-17 13:00:09','2023-07-17 13:00:14','Active'),(66,'Agenda 36','Not started','2023-07-17 13:16:10','2023-07-17 13:16:10','Active'),(67,'Agenda 37','Off track','2023-07-17 13:18:43','2023-07-17 13:18:50','Active'),(68,'Agenda 38','Not started','2023-07-17 13:23:58','2023-07-17 13:23:58','Active'),(69,'Agenda39','Not started','2023-07-17 14:04:30','2023-07-17 14:04:30','Active'),(70,'Agenda 40','Not started','2023-07-17 14:28:33','2023-07-17 14:28:33','Active'),(71,'Agenda 41','Not started','2023-07-17 17:07:32','2023-07-17 17:07:32','Active'),(72,'Agenda 42','Not started','2023-07-18 09:58:23','2023-07-18 09:58:23','Active'),(73,'Agenda 43','Not started','2023-07-18 10:09:54','2023-07-18 10:09:54','Active'),(74,'Agenda44','Not started','2023-07-18 10:25:06','2023-07-18 10:25:06','Active'),(75,'Agenda45','Not started','2023-07-18 10:33:18','2023-07-19 13:57:19','Inactive'),(76,'Agenda46','Not started','2023-07-18 10:39:24','2023-07-19 13:37:34','Inactive'),(77,'Agenda47','Not started','2023-07-18 10:41:51','2023-07-19 13:56:10','Inactive'),(78,'Agenda48','Not started','2023-07-18 10:50:07','2023-07-18 12:24:28','Inactive'),(79,'Agenda 48','On track','2023-07-19 10:32:04','2023-07-19 10:32:09','Active'),(80,'Agenda49','Not started','2023-07-19 11:53:28','2023-07-19 11:53:28','Active'),(81,'Agenda 50','Not started','2023-07-19 11:55:42','2023-07-19 11:55:42','Active'),(82,'Agenda 51','Not started','2023-07-19 11:57:19','2023-07-19 11:57:19','Active'),(83,'Agenda 52','On track','2023-07-19 13:29:10','2023-07-19 13:33:33','Active'),(84,'Agenda 53','Not started','2023-07-19 13:59:35','2023-07-19 13:59:35','Active'),(85,'Agenda 54','Not started','2023-07-19 14:08:28','2023-07-19 14:08:28','Active'),(86,'Agenda 55','Not started','2023-07-19 14:16:03','2023-07-19 14:16:03','Active'),(87,'Agenda 56','Complete','2023-07-19 20:29:05','2023-07-19 20:33:19','Inactive'),(88,'Agenda 56','On track','2023-07-24 19:15:13','2023-07-25 19:00:32','Active'),(89,'Agenda 57','On track','2023-07-25 13:56:19','2023-07-25 18:32:38','Active'),(90,'Agenda 58 -- changed','On hold','2023-07-25 13:56:28','2023-07-25 13:57:02','Inactive'),(91,'Agenda 58','On hold','2023-07-25 18:29:50','2023-07-26 10:02:00','Active'),(92,'Agenda 59','Not started','2023-07-26 10:02:10','2023-07-26 10:02:10','Active'),(93,'Agenda 60 -- editing','Complete','2023-07-26 12:31:09','2023-07-26 12:33:05','Inactive'),(94,'Agenda 60','Off track','2023-07-26 12:44:32','2023-07-27 12:47:18','Active'),(95,'Agenda 61','Not started','2023-07-26 17:54:36','2023-07-26 17:56:36','Inactive'),(96,'Agenda 61','Not started','2023-07-27 18:15:10','2023-07-27 18:15:10','Active'),(97,'Agenda 62','Not started','2023-07-27 18:26:33','2023-07-27 18:26:33','Active'),(98,'Agenda 63','Not started','2023-07-28 10:04:57','2023-07-28 10:04:57','Active'),(99,'Agenda 64','Complete','2023-07-28 10:43:44','2023-07-28 10:44:06','Active'),(100,'Agenda 65 -- edited','Complete','2023-07-28 10:54:16','2023-07-28 10:55:00','Active'),(101,'Agenda 66 -- editing name','Not started','2023-07-30 05:20:43','2023-07-30 05:24:21','Active'),(102,'Agenda 67','Not started','2023-07-30 05:23:55','2023-07-30 05:23:55','Active'),(103,'Agenda 68','Not started','2023-07-31 20:10:56','2023-07-31 20:10:56','Active'),(104,'Agenda 69','Not started','2023-08-01 13:12:47','2023-08-01 19:08:23','Active'),(105,'Agenda 70','Not started','2023-08-03 10:34:58','2023-08-03 10:34:58','Active'),(106,'Agenda 71','Complete','2023-08-03 18:11:31','2023-08-07 16:46:49','Active');
/*!40000 ALTER TABLE `agendas` ENABLE KEYS */;
UNLOCK TABLES;

--
-- Table structure for table `comments`
--

DROP TABLE IF EXISTS `comments`;
/*!40101 SET @saved_cs_client     = @@character_set_client */;
/*!50503 SET character_set_client = utf8mb4 */;
CREATE TABLE `comments` (
  `id` int NOT NULL AUTO_INCREMENT,
  `comment2task` int NOT NULL,
  `comment_text` varchar(500) DEFAULT NULL,
  `create time` timestamp NULL DEFAULT CURRENT_TIMESTAMP,
  `last modified` timestamp NULL DEFAULT CURRENT_TIMESTAMP ON UPDATE CURRENT_TIMESTAMP,
  `status` varchar(45) DEFAULT NULL,
  PRIMARY KEY (`id`),
  KEY `comments_ibfk_1` (`comment2task`),
  CONSTRAINT `comments_ibfk_1` FOREIGN KEY (`comment2task`) REFERENCES `tasks` (`id`) ON DELETE CASCADE
) ENGINE=InnoDB AUTO_INCREMENT=104 DEFAULT CHARSET=utf8mb4 COLLATE=utf8mb4_0900_ai_ci;
/*!40101 SET character_set_client = @saved_cs_client */;

--
-- Dumping data for table `comments`
--

LOCK TABLES `comments` WRITE;
/*!40000 ALTER TABLE `comments` DISABLE KEYS */;
INSERT INTO `comments` VALUES (4,1,'edited','2023-06-09 15:41:31','2023-06-09 19:27:01','Inactive'),(5,1,'another comment here','2023-06-09 18:15:32','2023-06-09 18:17:02','Active'),(6,1,'a third comment','2023-06-09 18:16:39','2023-06-09 18:17:16','Inactive'),(7,2,'a fourth comment','2023-06-09 19:24:44','2023-06-09 19:27:25','Inactive'),(8,1,'a fifth comment','2023-06-09 19:28:09','2023-06-09 19:28:09','Active'),(9,2,'a sixth comment','2023-06-09 19:29:14','2023-06-09 19:29:14','Active'),(10,2,'a seventh comment','2023-06-09 19:31:06','2023-06-09 19:31:06','Active'),(13,2,'a seventh comment','2023-06-14 16:36:43','2023-06-14 16:36:43','Active'),(14,8,'a ninth comment for task8','2023-06-14 16:37:50','2023-06-14 17:24:56','Active'),(15,27,'The third task has been deleted','2023-06-14 16:52:40','2023-06-14 16:52:40','Active'),(16,34,'This is a comment on this task - now it has been edited','2023-06-14 17:27:56','2023-06-14 17:28:19','Active'),(17,34,'another comment','2023-06-14 17:28:46','2023-06-14 17:54:05','Inactive'),(18,36,'Check reviews before finalizing','2023-06-15 15:10:11','2023-06-15 15:10:11','Active'),(19,46,'this will not be deleted - only the second comment will be removed','2023-06-15 15:12:12','2023-06-15 15:12:32','Active'),(20,46,'this comment is going to be deleted','2023-06-15 15:12:53','2023-06-15 15:13:09','Inactive'),(21,40,'pretty easy','2023-06-15 16:43:55','2023-06-15 16:43:55','Active'),(22,25,'Here is a comment','2023-06-15 16:45:19','2023-06-15 16:45:19','Active'),(23,51,'comment','2023-06-15 16:46:57','2023-06-15 16:46:57','Active'),(24,53,'c','2023-06-15 17:08:16','2023-06-15 17:08:16','Active'),(25,55,'comment3','2023-06-16 01:03:42','2023-06-16 01:03:42','Active'),(26,57,'comment 18','2023-06-16 10:24:36','2023-07-11 12:33:24','Inactive'),(27,41,'new comment','2023-06-16 11:30:04','2023-06-16 11:30:04','Active'),(28,61,'comment for 22','2023-06-16 13:29:22','2023-06-16 13:29:22','Active'),(29,61,'comment 2 for 22','2023-06-16 13:31:18','2023-06-16 13:31:18','Active'),(30,62,'comment23','2023-06-16 13:33:37','2023-06-16 13:33:37','Active'),(31,129,'Comment for A26','2023-07-10 13:17:22','2023-07-10 13:17:54','Inactive'),(32,129,'Comment 2 for A26','2023-07-10 13:17:40','2023-07-10 13:17:40','Active'),(33,84,'c1','2023-07-11 12:27:28','2023-07-11 12:30:06','Inactive'),(34,84,'c1','2023-07-11 12:27:34','2023-07-11 12:30:59','Active'),(35,84,'c3','2023-07-11 12:27:46','2023-07-11 12:27:46','Active'),(36,84,'c4','2023-07-11 12:29:37','2023-07-11 12:29:37','Active'),(37,84,'c5','2023-07-11 12:29:49','2023-07-11 12:29:49','Active'),(38,140,'c1','2023-07-11 12:31:26','2023-07-11 12:31:26','Active'),(39,141,'c1','2023-07-11 12:34:11','2023-07-11 12:34:20','Inactive'),(40,142,'c1','2023-07-11 12:35:23','2023-07-11 12:35:28','Inactive'),(41,143,'com1','2023-07-11 12:36:22','2023-07-11 12:36:29','Inactive'),(42,24,'com1 t1 a5','2023-07-12 12:19:14','2023-07-12 12:19:14','Active'),(43,136,'com1 for A21','2023-07-12 12:28:04','2023-07-12 12:28:04','Active'),(44,66,'c1 t3 a5','2023-07-12 12:31:12','2023-07-12 12:31:12','Active'),(45,66,'c 1t3 a5','2023-07-12 12:31:59','2023-07-12 12:32:02','Inactive'),(46,157,'c1 t7 a4','2023-07-12 12:42:34','2023-07-12 12:50:37','Inactive'),(47,157,'c2 t7 a4 updated','2023-07-12 12:45:24','2023-07-12 12:45:28','Active'),(48,161,'comment on t6A4 - edited','2023-07-12 18:31:55','2023-07-12 18:32:58','Active'),(49,161,'another comment','2023-07-12 18:33:26','2023-07-12 18:33:39','Inactive'),(50,65,'c1 t2 a5 - edited','2023-07-13 11:47:15','2023-07-13 11:48:42','Inactive'),(51,59,'Comment on t20 a20 -now edited','2023-07-13 12:14:18','2023-07-13 12:17:23','Active'),(52,59,'this will be deleted','2023-07-13 12:17:30','2023-07-13 12:17:34','Inactive'),(53,86,'c1','2023-07-13 13:54:18','2023-07-13 13:54:18','Active'),(54,86,'c2','2023-07-13 13:55:29','2023-07-13 13:55:29','Active'),(55,86,'c3','2023-07-13 14:08:02','2023-07-13 14:08:02','Active'),(56,166,'C1 of task 1 A23','2023-07-13 18:38:59','2023-07-13 18:38:59','Active'),(57,169,'comment 1 for task2 of A24','2023-07-13 18:39:31','2023-07-13 18:39:31','Active'),(58,169,'Comment 2 for task2 of A24','2023-07-13 19:11:32','2023-07-13 19:11:32','Active'),(59,166,'C2 of task 1 A23','2023-07-13 19:12:50','2023-07-13 19:12:50','Active'),(60,168,'c1 for t1 A24','2023-07-13 19:17:05','2023-07-13 19:17:05','Active'),(61,172,'c1 t1 a25','2023-07-14 13:05:13','2023-07-14 13:05:23','Inactive'),(62,39,'Comment','2023-07-14 13:57:51','2023-07-14 13:57:51','Active'),(63,39,'comment2','2023-07-14 13:58:25','2023-07-14 13:58:25','Active'),(64,173,'comment 1 for tak 1 of agenda 27 - now has been edited','2023-07-14 18:36:03','2023-07-14 18:40:38','Active'),(65,174,'comment 1 for task1 a28 -- now edited','2023-07-14 18:45:02','2023-07-14 18:45:13','Active'),(66,176,'comment 1 for t1 a29','2023-07-14 19:31:05','2023-07-14 19:31:05','Active'),(67,171,'comment 1 for t1 a26','2023-07-14 19:31:49','2023-07-14 19:31:49','Active'),(68,179,'c1 t1 a25','2023-07-14 19:44:52','2023-07-14 19:52:14','Active'),(69,171,'comment 2 t1 a26','2023-07-14 19:52:06','2023-07-14 19:52:06','Active'),(70,179,'c2 t1 a25','2023-07-14 19:52:20','2023-07-14 19:52:24','Active'),(71,136,'com2 for A21','2023-07-14 19:54:57','2023-07-14 19:54:57','Active'),(72,181,'new comment','2023-07-14 20:59:20','2023-07-14 20:59:20','Active'),(73,4,'comment 1 of t1 a4','2023-07-14 21:04:07','2023-07-14 21:04:07','Active'),(74,181,'comment 2 on task1 agenda 33','2023-07-17 13:13:52','2023-07-17 13:13:52','Active'),(75,188,'comment 1 t1 a36','2023-07-17 13:16:42','2023-07-17 13:16:42','Active'),(76,189,'c1 t1 a37','2023-07-17 13:19:03','2023-07-17 13:19:03','Active'),(77,4,'comment 2 of t1 a4','2023-07-17 13:24:23','2023-07-17 13:24:23','Active'),(78,4,'comment 3 of t1 a4','2023-07-17 13:25:21','2023-07-17 13:25:21','Active'),(79,4,'comment 4 of t1 a4','2023-07-17 13:26:10','2023-07-17 13:26:10','Active'),(80,4,'comment 5 of t1 a4','2023-07-17 13:27:22','2023-07-17 13:27:22','Active'),(81,41,'c2 t2 a4','2023-07-17 13:28:00','2023-07-17 13:28:00','Active'),(82,86,'c4','2023-07-17 13:29:40','2023-07-17 13:29:40','Active'),(83,86,'c5','2023-07-17 13:29:51','2023-07-17 13:29:51','Active'),(84,86,'c6','2023-07-17 13:32:27','2023-07-17 13:32:27','Active'),(85,4,'comment 6 of t1 a4','2023-07-17 13:38:16','2023-07-17 13:38:16','Active'),(86,199,'c1 t7 a4 --edited','2023-07-18 12:23:10','2023-07-18 12:23:37','Active'),(87,199,'c2 t7 a4','2023-07-18 12:23:24','2023-07-18 12:23:59','Inactive'),(88,24,'com2 t1 a5','2023-07-19 10:32:51','2023-07-19 10:32:51','Active'),(89,219,'comment 1 for t1 a52 --updated','2023-07-19 14:06:36','2023-07-19 20:41:01','Active'),(90,219,'comment 2 for t1 a52','2023-07-19 14:11:59','2023-07-19 14:11:59','Active'),(91,219,'comment 3 for t1 a52\n','2023-07-19 20:39:13','2023-07-19 20:41:27','Inactive'),(92,251,'c1 t1 a56 -- edited\n','2023-07-25 13:33:03','2023-07-25 13:33:23','Active'),(93,257,'comment 1 for task1 of agenda 57','2023-07-25 18:30:18','2023-07-25 18:30:18','Active'),(94,259,'comment1 task1 a58','2023-07-25 19:00:05','2023-07-25 19:00:05','Active'),(95,270,'comment 1 t1 a 60 -editing\n','2023-07-26 12:31:57','2023-07-26 12:32:37','Inactive'),(96,275,'comment1 for task3 of agenda60 --edited','2023-07-26 17:13:27','2023-07-27 12:16:06','Active'),(97,273,'','2023-07-27 11:27:43','2023-07-27 11:27:47','Active'),(98,281,'comment 1 of task 2 in agenda 61','2023-07-27 18:16:32','2023-07-27 18:26:50','Active'),(99,281,'comment 2 of task 2 in agenda 61','2023-07-27 18:19:34','2023-07-27 18:26:52','Active'),(100,280,'comment 1 of task 1 in agenda 61','2023-07-27 18:23:38','2023-07-27 18:23:38','Active'),(101,287,'comment 1 on task 2 agenda 64','2023-07-28 10:44:44','2023-07-28 10:44:44','Active'),(102,303,'comment1 for task1 of agenda 67','2023-07-31 20:13:05','2023-07-31 20:13:05','Active'),(103,303,'comment2 for task1 of agenda67','2023-07-31 20:14:58','2023-07-31 20:15:03','Active');
/*!40000 ALTER TABLE `comments` ENABLE KEYS */;
UNLOCK TABLES;

--
-- Table structure for table `tasks`
--

DROP TABLE IF EXISTS `tasks`;
/*!40101 SET @saved_cs_client     = @@character_set_client */;
/*!50503 SET character_set_client = utf8mb4 */;
CREATE TABLE `tasks` (
  `id` int NOT NULL AUTO_INCREMENT,
  `task2agenda` int NOT NULL,
  `title` varchar(200) NOT NULL,
  `due_date` datetime DEFAULT NULL,
  `priority` int DEFAULT NULL,
  `task_status` varchar(45) DEFAULT 'Open',
  `description` varchar(500) DEFAULT NULL,
  `create time` timestamp NULL DEFAULT CURRENT_TIMESTAMP,
  `last modified` timestamp NULL DEFAULT CURRENT_TIMESTAMP ON UPDATE CURRENT_TIMESTAMP,
  `status` varchar(45) DEFAULT NULL,
  PRIMARY KEY (`id`),
  KEY `tasks_ibfk_1` (`task2agenda`),
  CONSTRAINT `tasks_ibfk_1` FOREIGN KEY (`task2agenda`) REFERENCES `agendas` (`id`) ON DELETE CASCADE
) ENGINE=InnoDB AUTO_INCREMENT=340 DEFAULT CHARSET=utf8mb4 COLLATE=utf8mb4_0900_ai_ci;
/*!40101 SET character_set_client = @saved_cs_client */;

--
-- Dumping data for table `tasks`
--

LOCK TABLES `tasks` WRITE;
/*!40000 ALTER TABLE `tasks` DISABLE KEYS */;
INSERT INTO `tasks` VALUES (1,1,'Task1',NULL,1,'Ready for QA','This is the 1st task','2023-06-09 15:41:18','2023-06-09 19:33:56','Inactive'),(2,2,'Task2',NULL,3,'Done','new details: ...','2023-06-09 18:22:44','2023-06-13 13:24:05','Inactive'),(3,6,'Task3',NULL,1,'Open',NULL,'2023-06-09 19:20:56','2023-06-13 20:39:44','Inactive'),(4,4,'Task 1 in Agenda Four','2022-06-11 18:00:00',5,'Open','added a priority - edited','2023-06-09 19:32:29','2023-07-14 21:03:23','Active'),(5,4,'Task 5',NULL,NULL,'Open','no priorities here','2023-06-12 10:13:23','2023-06-12 13:16:59','Inactive'),(6,4,'Task 6',NULL,NULL,'Open','no priorities here','2023-06-12 10:23:41','2023-06-13 13:27:06','Inactive'),(7,4,'Task 7',NULL,3,'Open','added a priority','2023-06-12 10:24:17','2023-07-06 11:38:27','Inactive'),(8,3,'Task8',NULL,3,'Open','This should save','2023-06-12 14:09:13','2023-06-14 16:48:30','Active'),(9,1,'Task9','2023-06-16 00:00:00',2,'Open',NULL,'2023-06-12 18:35:06','2023-06-12 18:35:06','Active'),(10,2,'Task10','2023-06-22 16:39:00',2,'Open',NULL,'2023-06-12 18:39:37','2023-06-12 18:39:37','Active'),(11,2,'adfef','2023-06-13 08:17:00',3,'Open',NULL,'2023-06-13 10:17:12','2023-06-13 10:17:12','Active'),(12,1,'Task12',NULL,NULL,'Open',NULL,'2023-06-13 11:54:03','2023-06-13 11:54:03','Active'),(13,2,'Task13','2023-06-13 22:56:00',NULL,'Open',NULL,'2023-06-13 11:54:32','2023-06-13 11:54:32','Active'),(14,1,'Task14',NULL,NULL,'Open',NULL,'2023-06-13 12:05:35','2023-06-13 12:05:35','Active'),(15,2,'Task15',NULL,NULL,'Open',NULL,'2023-06-13 12:06:02','2023-06-13 12:06:02','Active'),(16,2,'Task16',NULL,NULL,'Open',NULL,'2023-06-13 12:06:15','2023-06-13 12:06:15','Active'),(17,3,'A new task',NULL,3,'Open','This is a new task that needs to be done','2023-06-13 12:20:51','2023-06-14 16:13:20','Active'),(18,1,'to do',NULL,NULL,'Open',NULL,'2023-06-13 12:21:57','2023-06-13 12:21:57','Active'),(19,1,'Task19',NULL,1,'Open',NULL,'2023-06-13 12:23:45','2023-06-13 12:23:45','Active'),(20,2,'Task20','2023-06-02 08:24:00',NULL,'Open',NULL,'2023-06-13 12:24:18','2023-06-13 12:24:18','Active'),(21,1,'AnotherTask','2023-06-13 21:27:00',4,'Open',NULL,'2023-06-13 13:25:36','2023-06-13 13:25:36','Active'),(22,1,'Frontend6thTask',NULL,NULL,'Open',NULL,'2023-06-13 13:26:44','2023-06-13 13:26:44','Active'),(23,2,'Task5',NULL,2,'Open',NULL,'2023-06-13 13:54:43','2023-06-13 13:54:43','Active'),(24,5,'TaskForAgenda5','2021-10-11 12:01:00',2,'In development','','2023-06-13 16:32:49','2023-06-20 20:26:06','Active'),(25,12,'TaskFor12',NULL,NULL,'Open','','2023-06-13 16:40:19','2023-06-13 16:40:19','Active'),(26,10,'taskfor10','2023-08-16 09:15:00',NULL,'Open','','2023-06-13 16:42:31','2023-06-15 10:14:05','Active'),(27,8,'agenda8task1',NULL,2,'Open','agenda 8 used to have 3 tasks.','2023-06-13 16:43:26','2023-06-16 13:04:55','Active'),(28,8,'agenda8task2','2023-06-22 00:47:00',1,'Open','','2023-06-13 16:43:48','2023-06-13 16:43:48','Active'),(29,8,'agenda8task3','2023-06-21 16:45:00',NULL,'Open','','2023-06-13 16:44:51','2023-06-13 19:33:23','Inactive'),(30,9,'SomethingTodo',NULL,NULL,'Open','','2023-06-13 17:42:17','2023-06-13 17:42:17','Active'),(31,9,'SomethingMoreTodo',NULL,3,'Ready for QA','','2023-06-13 17:42:40','2023-06-16 12:53:16','Active'),(32,9,'SomethingElseTodo','2023-06-09 01:45:00',NULL,'Open','','2023-06-13 17:43:03','2023-06-13 20:51:06','Inactive'),(33,3,'adfef',NULL,3,'Open',NULL,'2023-06-13 19:09:10','2023-06-13 19:31:35','Inactive'),(34,6,'Task1 for Agenda5','2023-06-30 16:30:00',3,'In development','this was just created','2023-06-14 17:26:57','2023-06-16 13:25:44','Active'),(35,11,'Agenda 11\'s first task','2023-08-25 14:00:00',2,'In development',NULL,'2023-06-15 10:18:29','2023-06-15 10:18:34','Active'),(36,15,'Select courses','2023-06-20 11:15:00',1,'In development','Go to school site and finish course selection','2023-06-15 10:20:03','2023-07-14 18:46:29','Active'),(37,13,'Read book',NULL,1,'Done',NULL,'2023-06-15 10:22:11','2023-06-15 16:43:01','Active'),(38,15,'select courses','2023-06-30 11:22:00',1,'Open',NULL,'2023-06-15 10:22:48','2023-06-15 10:24:36','Inactive'),(39,11,'Agenda 11\'s second task',NULL,3,'In development',NULL,'2023-06-15 10:25:22','2023-07-18 12:24:55','Active'),(40,13,'Give learner\'s test',NULL,1,'Done','Get learner\'s permit','2023-06-15 12:49:31','2023-06-15 17:06:35','Active'),(41,4,'Task 2 in Agenda 4','2024-06-16 02:08:00',4,'Ready for QA','','2023-06-15 13:04:57','2023-07-12 17:09:20','Active'),(42,16,'task for A14',NULL,NULL,'Open',NULL,'2023-06-15 14:03:02','2023-06-15 14:03:02','Active'),(43,16,'another task for 14',NULL,NULL,'Open',NULL,'2023-06-15 14:08:20','2023-06-15 16:41:39','Inactive'),(44,17,'task for A15',NULL,2,'Open',NULL,'2023-06-15 14:14:48','2023-06-15 16:41:47','Inactive'),(45,15,'Check enrolled courses','2023-06-30 10:25:00',1,'Open',NULL,'2023-06-15 14:21:18','2023-06-15 14:21:18','Active'),(46,18,'task for A16',NULL,2,'Open','this task will be deleted','2023-06-15 14:22:03','2023-06-15 15:13:23','Active'),(47,18,'another task for 16',NULL,3,'In QA',NULL,'2023-06-15 15:11:11','2023-06-15 15:11:36','Inactive'),(48,13,'Practice driving',NULL,1,'In development',NULL,'2023-06-15 16:44:16','2023-06-15 16:44:19','Active'),(49,13,'Give driving test','2023-09-10 12:45:00',1,'Open',NULL,'2023-06-15 16:44:40','2023-06-15 16:44:40','Active'),(50,19,'task to stay',NULL,NULL,'Open','no comments','2023-06-15 16:46:45','2023-06-15 16:47:07','Active'),(51,19,'task to delete',NULL,NULL,'Open',NULL,'2023-06-15 16:46:51','2023-06-15 16:46:51','Active'),(52,20,'task',NULL,NULL,'Open',NULL,'2023-06-15 17:07:26','2023-06-15 17:07:26','Active'),(53,21,'t',NULL,NULL,'Open',NULL,'2023-06-15 17:07:59','2023-06-15 17:07:59','Active'),(54,24,'t2',NULL,NULL,'Open',NULL,'2023-06-16 01:03:18','2023-06-16 01:03:18','Active'),(55,25,'t3',NULL,NULL,'Open',NULL,'2023-06-16 01:03:31','2023-06-16 01:03:31','Active'),(56,13,'Get license','2023-06-24 06:13:00',2,'Done',NULL,'2023-06-16 10:13:02','2023-07-14 13:26:17','Active'),(57,26,'task for A18',NULL,2,'Ready for QA','','2023-06-16 10:23:14','2023-07-11 12:33:41','Inactive'),(58,27,'T19',NULL,3,'Ready for QA',NULL,'2023-06-16 10:29:53','2023-06-16 19:44:32','Inactive'),(59,28,'title20',NULL,2,'In development','title20 task update called','2023-06-16 11:26:45','2023-07-13 12:17:45','Active'),(60,28,'title for 220','2023-06-23 19:31:00',NULL,'In QA',NULL,'2023-06-16 11:31:10','2023-07-12 19:26:52','Inactive'),(61,33,'Task for 22',NULL,2,'Done','des for 22 now edited again twice','2023-06-16 13:29:12','2023-07-14 19:34:20','Active'),(62,34,'task for 23','2023-06-30 09:33:00',2,'Open',NULL,'2023-06-16 13:33:26','2023-06-16 13:33:26','Active'),(63,4,'task3',NULL,3,'Ready for QA',NULL,'2023-06-16 19:43:54','2023-07-04 17:19:45','Inactive'),(64,5,'Task2 for A5',NULL,2,'Open',NULL,'2023-06-29 17:25:20','2023-07-06 13:21:21','Active'),(65,6,'Task2 for A5',NULL,3,'Ready for QA',NULL,'2023-06-30 10:24:45','2023-07-13 10:13:15','Active'),(66,5,'Task3 for A5',NULL,NULL,'Open',NULL,'2023-06-30 12:57:32','2023-07-12 18:53:01','Inactive'),(67,8,'agenda8 task3',NULL,2,'Open',NULL,'2023-06-30 12:58:41','2023-06-30 13:01:03','Active'),(68,9,'SomethingElseTodo','2023-06-01 09:03:00',3,'Open',NULL,'2023-06-30 13:03:10','2023-06-30 13:03:10','Active'),(69,36,'A new task for A24',NULL,NULL,'Open','des for t1 a24','2023-06-30 13:13:58','2023-07-11 12:26:02','Active'),(70,11,'Agenda 11\'s third task',NULL,2,'Open',NULL,'2023-06-30 18:39:24','2023-07-14 13:24:35','Inactive'),(71,13,'Go for a drive',NULL,2,'Ready for QA','description','2023-06-30 18:51:19','2023-07-10 23:14:16','Inactive'),(72,29,'Task1 for A21',NULL,NULL,'Open','description for t1 A21','2023-06-30 18:51:57','2023-07-11 12:27:01','Active'),(73,11,'Agenda 11\'a fourth task',NULL,2,'Open',NULL,'2023-07-04 10:00:36','2023-07-14 13:24:10','Inactive'),(74,5,'task4 for A5',NULL,NULL,'Open',NULL,'2023-07-04 13:03:39','2023-07-04 13:30:22','Inactive'),(75,6,'task3 for A5',NULL,NULL,'Open',NULL,'2023-07-04 13:04:06','2023-07-12 19:28:38','Inactive'),(76,6,'Task 4 for A5',NULL,2,'Open',NULL,'2023-07-04 13:04:33','2023-07-04 13:30:25','Inactive'),(77,26,'task 2 for A18',NULL,NULL,'Open',NULL,'2023-07-04 13:05:22','2023-07-04 13:05:22','Active'),(78,5,'task 5 for A5',NULL,NULL,'Open',NULL,'2023-07-04 13:27:19','2023-07-04 13:30:19','Inactive'),(79,34,'task2 for 23',NULL,NULL,'Open','have a description','2023-07-04 13:31:08','2023-07-11 12:22:27','Inactive'),(80,36,'task2 for 24',NULL,NULL,'Open','des for T2 of A24','2023-07-04 13:31:35','2023-07-11 12:24:31','Inactive'),(81,36,'task3 for 24',NULL,NULL,'Open','des for A24','2023-07-04 13:54:39','2023-07-10 18:37:27','Inactive'),(82,5,'task 4 for A5',NULL,NULL,'Done',NULL,'2023-07-04 13:55:03','2023-07-14 13:28:35','Inactive'),(83,37,'task 1 for A25',NULL,NULL,'Open',NULL,'2023-07-04 13:57:54','2023-07-04 13:57:54','Active'),(84,26,'task 3 for 18',NULL,NULL,'Open',NULL,'2023-07-04 14:03:59','2023-07-04 14:03:59','Active'),(85,5,'task 5 for A5',NULL,NULL,'Open',NULL,'2023-07-04 17:18:39','2023-07-04 19:45:01','Inactive'),(86,4,'Task 3 in Agenda 4',NULL,NULL,'Done',NULL,'2023-07-04 17:19:52','2023-07-17 11:56:36','Active'),(87,4,'task 4 in A4',NULL,NULL,'Open',NULL,'2023-07-04 18:59:50','2023-07-04 19:45:17','Inactive'),(88,4,'task4 in Agenda 4',NULL,NULL,'Open',NULL,'2023-07-05 12:21:30','2023-07-05 12:27:29','Inactive'),(89,4,'Task4 in A4',NULL,NULL,'Open',NULL,'2023-07-05 12:43:22','2023-07-05 12:48:09','Inactive'),(90,4,'Task4 in A4',NULL,NULL,'Open',NULL,'2023-07-05 13:49:28','2023-07-05 13:49:49','Inactive'),(91,4,'Task 4 of A4',NULL,NULL,'Ready for QA',NULL,'2023-07-05 18:18:18','2023-07-05 18:18:47','Inactive'),(92,5,'Task 26',NULL,3,'Open',NULL,'2023-07-05 21:12:07','2023-07-05 21:24:56','Inactive'),(93,4,'Task5 A4',NULL,NULL,'Open',NULL,'2023-07-05 21:28:10','2023-07-05 21:34:12','Inactive'),(94,6,'task4 A5',NULL,NULL,'Open',NULL,'2023-07-05 21:30:36','2023-07-06 18:24:39','Inactive'),(95,6,'task 4 A5',NULL,NULL,'Open',NULL,'2023-07-05 21:31:16','2023-07-06 18:24:37','Inactive'),(96,5,'task 5 A5',NULL,NULL,'Open',NULL,'2023-07-05 21:33:22','2023-07-06 13:23:08','Inactive'),(97,4,'Task 5 in A5',NULL,NULL,'Open',NULL,'2023-07-05 21:34:26','2023-07-06 13:22:42','Inactive'),(98,6,'task5 a 5',NULL,NULL,'In development',NULL,'2023-07-06 18:23:03','2023-07-12 18:51:21','Inactive'),(99,4,'task4 A4 again',NULL,NULL,'Open',NULL,'2023-07-06 18:38:07','2023-07-06 18:41:22','Inactive'),(100,4,'task4 a4',NULL,NULL,'Open',NULL,'2023-07-06 18:41:41','2023-07-06 20:26:51','Inactive'),(101,4,'task5 in A5',NULL,NULL,'Open',NULL,'2023-07-06 20:25:02','2023-07-06 20:26:49','Inactive'),(102,4,'task4',NULL,NULL,'Open',NULL,'2023-07-06 20:27:05','2023-07-07 18:18:36','Inactive'),(103,4,'task 5 of A4',NULL,2,'Open',NULL,'2023-07-06 20:51:10','2023-07-07 16:17:20','Inactive'),(104,4,'task 6 of A4',NULL,3,'Open',NULL,'2023-07-06 20:52:34','2023-07-07 13:58:08','Inactive'),(105,4,'task 7 of A4',NULL,NULL,'Open',NULL,'2023-07-06 20:53:48','2023-07-07 12:19:25','Inactive'),(106,4,'task8 of a4',NULL,NULL,'Open',NULL,'2023-07-06 20:54:35','2023-07-07 12:19:23','Inactive'),(107,4,'task9 of A4',NULL,NULL,'Open',NULL,'2023-07-06 20:55:13','2023-07-07 12:19:21','Inactive'),(108,4,'10 of 4',NULL,NULL,'Open',NULL,'2023-07-06 20:55:38','2023-07-07 12:19:17','Inactive'),(109,4,'11 of 4',NULL,NULL,'Open',NULL,'2023-07-06 20:56:07','2023-07-07 12:19:13','Inactive'),(110,6,'Task5 for agenda 6',NULL,NULL,'Ready for QA',NULL,'2023-07-06 21:00:37','2023-07-12 18:50:55','Inactive'),(111,6,'6 for 6',NULL,NULL,'Open',NULL,'2023-07-06 21:01:01','2023-07-10 13:05:00','Inactive'),(112,8,'agenda8 task4',NULL,NULL,'Ready for QA',NULL,'2023-07-06 21:02:01','2023-07-12 19:01:33','Inactive'),(113,5,'Task 5 of A5',NULL,NULL,'In development',NULL,'2023-07-06 23:01:49','2023-07-10 13:03:13','Inactive'),(114,4,'7 of A4',NULL,NULL,'Open',NULL,'2023-07-07 12:19:42','2023-07-07 13:49:10','Inactive'),(115,8,'agenda8 task5',NULL,NULL,'Open',NULL,'2023-07-07 12:50:26','2023-07-12 11:41:09','Inactive'),(116,5,'6 A5',NULL,NULL,'Open',NULL,'2023-07-07 12:53:28','2023-07-10 10:07:48','Inactive'),(117,4,'8 of a4',NULL,NULL,'Open',NULL,'2023-07-07 12:58:34','2023-07-07 13:47:20','Inactive'),(118,4,'another task for a4',NULL,NULL,'Open',NULL,'2023-07-07 17:33:17','2023-07-07 18:18:34','Inactive'),(119,4,'task11 of a4',NULL,NULL,'Open',NULL,'2023-07-07 17:41:33','2023-07-07 18:04:22','Inactive'),(120,4,'agenda 4\'s new task',NULL,NULL,'Open',NULL,'2023-07-07 18:06:17','2023-07-07 18:18:32','Inactive'),(121,4,'t for a4',NULL,NULL,'Open',NULL,'2023-07-07 18:08:01','2023-07-07 18:18:29','Inactive'),(122,4,'t7 for agenda4',NULL,NULL,'Open',NULL,'2023-07-07 18:10:29','2023-07-07 18:18:14','Inactive'),(123,4,'t4 agenda4',NULL,NULL,'Open',NULL,'2023-07-07 18:30:52','2023-07-07 19:16:05','Inactive'),(124,4,'t5 agenda4',NULL,NULL,'Open',NULL,'2023-07-07 18:44:24','2023-07-07 19:17:26','Inactive'),(125,4,'t6 agenda4','2023-07-13 15:08:00',2,'Open',NULL,'2023-07-07 19:08:12','2023-07-07 19:17:30','Inactive'),(126,4,'Task 4 in A4',NULL,NULL,'Open',NULL,'2023-07-10 10:07:30','2023-07-10 13:01:50','Inactive'),(127,4,'Task 5 in A4',NULL,NULL,'Open',NULL,'2023-07-10 10:14:31','2023-07-10 13:01:39','Inactive'),(128,4,'Task 6 in Agenda4',NULL,NULL,'In QA',NULL,'2023-07-10 12:49:06','2023-07-10 13:01:10','Inactive'),(129,38,'Task 1 for Agenda 26','2023-07-27 09:14:00',4,'Ready for QA','','2023-07-10 13:12:01','2023-07-10 13:27:46','Inactive'),(130,39,'task for a27',NULL,NULL,'Ready for QA','description for 27','2023-07-10 18:32:56','2023-07-10 18:33:20','Inactive'),(131,39,'t2 a27',NULL,NULL,'Open','des for a27','2023-07-10 18:34:47','2023-07-10 18:35:07','Inactive'),(132,36,'task 3 for Agenda24',NULL,NULL,'Open','description for 24','2023-07-10 19:01:52','2023-07-11 12:23:54','Inactive'),(133,36,'task 4 A24',NULL,NULL,'Open',NULL,'2023-07-10 19:08:09','2023-07-10 19:24:44','Inactive'),(134,36,'task 4 a24',NULL,NULL,'Open',NULL,'2023-07-10 19:09:30','2023-07-10 19:24:42','Inactive'),(135,36,'task 4 a24',NULL,NULL,'Open',NULL,'2023-07-10 19:19:14','2023-07-10 19:24:37','Inactive'),(136,29,'t2 for A21',NULL,NULL,'Open',NULL,'2023-07-10 19:24:58','2023-07-17 10:54:47','Active'),(137,29,'t2 a21',NULL,3,'Open','i have a description','2023-07-10 19:44:29','2023-07-10 22:54:35','Inactive'),(138,13,'Test drive','2023-08-17 22:15:00',3,'Ready for QA',NULL,'2023-07-10 23:15:27','2023-07-12 19:19:54','Inactive'),(139,33,'Task 2 for 22   ','2023-06-30 07:47:00',2,'In QA',NULL,'2023-07-11 11:44:30','2023-07-12 12:22:34','Active'),(140,29,'t3 a21','2023-07-06 07:49:00',NULL,'Open',NULL,'2023-07-11 11:49:25','2023-07-11 12:31:32','Inactive'),(141,41,'t for A23',NULL,2,'Open',NULL,'2023-07-11 12:34:06','2023-07-11 12:34:06','Active'),(142,42,'t for a23',NULL,NULL,'Open',NULL,'2023-07-11 12:35:19','2023-07-11 12:35:19','Active'),(143,43,'t23',NULL,NULL,'Open',NULL,'2023-07-11 12:36:15','2023-07-11 12:36:34','Inactive'),(144,4,'Task 4 Agenda 4',NULL,NULL,'Done',NULL,'2023-07-11 13:38:24','2023-07-12 11:37:51','Inactive'),(145,4,'t5 a4',NULL,NULL,'Open',NULL,'2023-07-11 13:42:27','2023-07-11 13:44:07','Inactive'),(146,4,'t5 Agenda4',NULL,NULL,'Open',NULL,'2023-07-11 13:43:11','2023-07-11 13:43:39','Inactive'),(147,4,'task 5 a4',NULL,NULL,'Ready for QA',NULL,'2023-07-11 13:44:17','2023-07-11 14:04:37','Inactive'),(148,4,'task 6 for a4',NULL,3,'In QA',NULL,'2023-07-11 14:03:28','2023-07-11 18:33:03','Inactive'),(149,4,'task7 for a4',NULL,NULL,'Open',NULL,'2023-07-11 17:18:55','2023-07-11 18:32:50','Inactive'),(150,4,'task7 A4',NULL,NULL,'Open',NULL,'2023-07-11 18:24:52','2023-07-11 18:32:46','Inactive'),(151,4,'task 8 A4',NULL,NULL,'Open',NULL,'2023-07-11 18:25:51','2023-07-11 18:32:37','Inactive'),(152,28,'title3 a20',NULL,NULL,'Open',NULL,'2023-07-11 19:21:17','2023-07-12 19:26:06','Inactive'),(153,4,'t5 a4',NULL,NULL,'In development',NULL,'2023-07-11 19:22:51','2023-07-11 19:28:13','Inactive'),(154,4,'t6 a4',NULL,NULL,'Open',NULL,'2023-07-11 19:23:34','2023-07-12 11:19:55','Inactive'),(155,4,'Task 5 for agenda 4 edited',NULL,NULL,'Ready for QA',NULL,'2023-07-12 11:29:01','2023-07-12 18:31:39','Inactive'),(156,4,'Task 6 for A4',NULL,NULL,'Open',NULL,'2023-07-12 11:37:39','2023-07-12 16:27:50','Inactive'),(157,4,'Task 7 for agenda 4','2023-06-17 12:20:00',NULL,'In QA',NULL,'2023-07-12 11:40:09','2023-07-12 16:21:40','Inactive'),(158,48,'A new task for A23',NULL,NULL,'Ready for QA',NULL,'2023-07-12 12:03:58','2023-07-12 19:31:56','Active'),(159,48,'another task',NULL,NULL,'In development',NULL,'2023-07-12 12:04:03','2023-07-12 18:50:07','Inactive'),(160,26,'task4 A18',NULL,NULL,'Open',NULL,'2023-07-12 16:29:40','2023-07-14 18:39:12','Inactive'),(161,4,'Task 6 A4',NULL,3,'Done','description on t6A4\n','2023-07-12 18:30:56','2023-07-12 18:40:10','Inactive'),(162,6,'Task3 for agenda5',NULL,NULL,'Ready for QA',NULL,'2023-07-12 19:29:24','2023-07-12 19:30:03','Inactive'),(163,4,'task 4 for Agenda 4 again',NULL,NULL,'In QA',NULL,'2023-07-13 11:39:29','2023-07-13 11:42:28','Inactive'),(164,13,'Test Drive',NULL,3,'In development',NULL,'2023-07-13 12:11:08','2023-07-13 12:13:30','Inactive'),(165,13,'Check cars',NULL,NULL,'In development',NULL,'2023-07-13 12:13:25','2023-07-14 13:25:54','Inactive'),(166,53,'T1 for A23',NULL,NULL,'In QA','Task 1 of agenda 23 has a description','2023-07-13 18:35:41','2023-07-13 18:38:45','Active'),(167,33,'Task 3 for A22','2023-07-08 14:36:00',NULL,'Done',NULL,'2023-07-13 18:36:05','2023-07-14 12:02:04','Inactive'),(168,54,'t1 A24',NULL,NULL,'Open',NULL,'2023-07-13 18:36:35','2023-07-14 13:04:26','Inactive'),(169,54,'t2 A24',NULL,NULL,'Open',NULL,'2023-07-13 18:36:42','2023-07-13 18:36:42','Active'),(170,55,'Task 1 of A25',NULL,NULL,'Open',NULL,'2023-07-13 18:37:00','2023-07-14 11:48:55','Inactive'),(171,56,'t1 A26',NULL,NULL,'Ready for QA',NULL,'2023-07-13 19:16:40','2023-07-14 19:32:13','Active'),(172,55,'t1 A25',NULL,NULL,'Open',NULL,'2023-07-14 13:04:51','2023-07-14 13:05:29','Inactive'),(173,57,'t1 A27','2023-07-20 14:36:00',3,'In QA','adding a description\n','2023-07-14 18:35:00','2023-07-14 18:36:42','Active'),(174,58,'First task of agenda28',NULL,NULL,'Open',NULL,'2023-07-14 18:42:00','2023-07-14 18:42:00','Active'),(175,15,'add/drop courses',NULL,1,'Open',NULL,'2023-07-14 18:46:24','2023-07-14 18:46:24','Active'),(176,59,'Task 1 agenda 29',NULL,NULL,'Ready for QA',NULL,'2023-07-14 19:30:55','2023-07-14 19:30:58','Active'),(177,60,'t1 A30',NULL,NULL,'Open',NULL,'2023-07-14 19:36:03','2023-07-14 19:36:03','Active'),(178,61,'t1 a31',NULL,NULL,'Ready for QA',NULL,'2023-07-14 19:44:02','2023-07-14 19:44:07','Active'),(179,55,'t1 a25',NULL,NULL,'In development','description on t1 a21\n','2023-07-14 19:44:29','2023-07-14 19:46:20','Active'),(180,62,'t1 a32',NULL,NULL,'Open',NULL,'2023-07-14 19:46:14','2023-07-14 19:46:14','Active'),(181,63,'t1 a33',NULL,NULL,'Ready for QA',NULL,'2023-07-14 20:58:46','2023-07-14 20:59:05','Active'),(182,58,'Second task of agenda28',NULL,NULL,'Open',NULL,'2023-07-14 21:00:44','2023-07-14 21:01:08','Active'),(183,64,'task 1 a34',NULL,NULL,'Open',NULL,'2023-07-14 21:02:58','2023-07-14 21:02:58','Active'),(184,63,'task2 agenda 33',NULL,NULL,'Open',NULL,'2023-07-17 10:58:26','2023-07-17 10:58:26','Active'),(185,65,'Task1 35',NULL,NULL,'Ready for QA',NULL,'2023-07-17 13:01:14','2023-07-17 13:01:49','Inactive'),(186,65,'task1 a35',NULL,NULL,'Ready for QA',NULL,'2023-07-17 13:12:54','2023-07-17 13:13:05','Active'),(187,65,'task2 a35',NULL,NULL,'Open',NULL,'2023-07-17 13:13:21','2023-07-17 13:13:21','Active'),(188,66,'t1 a36',NULL,NULL,'Open',NULL,'2023-07-17 13:16:17','2023-07-17 13:16:17','Active'),(189,67,'t1 a37',NULL,NULL,'Open',NULL,'2023-07-17 13:18:54','2023-07-17 13:18:54','Active'),(190,68,'NAME CHNGED HERE',NULL,NULL,'Open',NULL,'2023-07-17 13:24:03','2023-07-17 19:20:15','Active'),(191,69,'task 1 for agenda 39',NULL,NULL,'Open',NULL,'2023-07-17 17:07:40','2023-07-17 17:07:40','Active'),(192,70,'task1 agenda40',NULL,NULL,'Open',NULL,'2023-07-17 19:17:25','2023-07-17 19:17:25','Active'),(193,70,'task2 agenda40',NULL,2,'Open',NULL,'2023-07-17 19:25:18','2023-07-17 19:25:18','Active'),(194,69,'task 2 for agenda 39',NULL,NULL,'Open',NULL,'2023-07-17 19:26:29','2023-07-17 19:26:29','Active'),(195,68,'ANOTHER NAME',NULL,NULL,'Open',NULL,'2023-07-17 19:28:05','2023-07-17 19:28:05','Active'),(196,11,'Agenda 11\'s third task',NULL,NULL,'Open',NULL,'2023-07-17 19:31:04','2023-07-17 19:31:04','Active'),(197,8,'agenda8 task4',NULL,NULL,'Open',NULL,'2023-07-17 19:37:53','2023-07-17 19:37:53','Active'),(198,54,'t3 A24',NULL,NULL,'Open',NULL,'2023-07-17 19:47:39','2023-07-17 19:47:39','Active'),(199,4,'Task 7 in agenda 4',NULL,NULL,'In QA',NULL,'2023-07-18 09:58:44','2023-07-18 09:58:54','Active'),(200,73,'task1 in agenda43',NULL,NULL,'Open',NULL,'2023-07-18 10:11:30','2023-07-18 10:11:30','Active'),(201,72,'task1 a42',NULL,NULL,'Open',NULL,'2023-07-18 10:14:03','2023-07-18 10:14:03','Active'),(202,71,'task1 a43',NULL,NULL,'Open',NULL,'2023-07-18 10:14:25','2023-07-18 10:14:25','Active'),(203,72,'task2 a42',NULL,NULL,'Open',NULL,'2023-07-18 10:14:34','2023-07-18 10:14:34','Active'),(204,73,'task2 in agenda 43',NULL,NULL,'Open',NULL,'2023-07-18 10:14:50','2023-07-18 10:14:50','Active'),(205,71,'t1 a40',NULL,NULL,'Open',NULL,'2023-07-18 10:19:51','2023-07-18 10:19:51','Active'),(206,74,'t1 a44',NULL,NULL,'Open',NULL,'2023-07-18 10:42:55','2023-07-18 10:42:55','Active'),(207,75,'t1 a45',NULL,NULL,'Open','description a45','2023-07-18 10:50:33','2023-07-19 13:57:16','Active'),(208,4,'Task 8 agenda 4',NULL,NULL,'Open',NULL,'2023-07-18 10:52:05','2023-07-18 12:22:59','Inactive'),(209,75,'t2 for a45',NULL,NULL,'Open','d1 t2 a45','2023-07-18 12:21:57','2023-07-19 13:54:06','Inactive'),(210,4,'Task 8 in agenda 4',NULL,NULL,'Open',NULL,'2023-07-18 21:47:19','2023-07-18 21:47:19','Active'),(211,4,'Task 9 in agenda 4',NULL,2,'Open',NULL,'2023-07-19 10:30:52','2023-07-19 10:31:46','Inactive'),(212,4,'Task 10 in agenda 4',NULL,NULL,'Open',NULL,'2023-07-19 10:34:40','2023-07-19 10:34:40','Active'),(213,82,'task 1 agenda 51',NULL,NULL,'Open','description for t1 a51','2023-07-19 11:57:27','2023-07-19 13:48:44','Active'),(214,82,'task2 agenda 51',NULL,NULL,'Ready for QA','des for t2 a51','2023-07-19 11:57:34','2023-07-19 20:26:51','Inactive'),(215,82,'task3 agenda 51',NULL,NULL,'Open','description or t3 a51','2023-07-19 12:18:35','2023-07-19 13:51:02','Inactive'),(216,82,'jkrsgwrkg',NULL,NULL,'Open',NULL,'2023-07-19 12:18:42','2023-07-19 12:18:59','Inactive'),(217,82,'vkdsopgkwrg',NULL,NULL,'Open',NULL,'2023-07-19 12:18:47','2023-07-19 12:19:02','Inactive'),(218,82,'khhgbjbgjkwerdg',NULL,NULL,'Open',NULL,'2023-07-19 12:18:51','2023-07-19 12:19:04','Inactive'),(219,83,'t1 a52','2023-06-29 09:45:00',3,'Ready for QA','description for t1 a52 -- edited','2023-07-19 13:29:15','2023-07-19 13:50:20','Active'),(220,83,'t2 a52',NULL,NULL,'Open',NULL,'2023-07-19 13:29:23','2023-07-19 13:50:38','Inactive'),(221,81,'Task1 a50',NULL,3,'Open',NULL,'2023-07-19 13:38:20','2023-07-19 13:38:20','Active'),(222,81,'Task2 Agenda 50','2023-07-14 09:39:00',3,'Open',NULL,'2023-07-19 13:39:17','2023-07-19 13:39:17','Active'),(223,79,'t1 a48',NULL,3,'Open',NULL,'2023-07-19 13:51:55','2023-07-19 13:52:01','Inactive'),(224,77,'t1 a 47',NULL,2,'Open','des for t1a47','2023-07-19 13:55:27','2023-07-19 13:55:38','Active'),(225,87,'task1 agenda56',NULL,4,'In development','description for t1','2023-07-19 20:30:27','2023-07-19 20:32:38','Active'),(226,87,'adfef','2023-07-07 16:32:00',3,'Open',NULL,'2023-07-19 20:32:17','2023-07-19 20:32:55','Inactive'),(227,86,'task1 a55',NULL,2,'In QA',NULL,'2023-07-19 20:33:50','2023-07-21 12:40:39','Active'),(228,85,'iuhfhwegfweijvikrjoghw',NULL,NULL,'Open',NULL,'2023-07-19 20:36:21','2023-07-19 20:38:43','Inactive'),(229,86,'khgihsgsg',NULL,NULL,'Open',NULL,'2023-07-19 20:41:45','2023-07-19 20:42:32','Inactive'),(230,85,'jhgbskghs',NULL,NULL,'Open',NULL,'2023-07-19 20:41:52','2023-07-19 20:42:35','Inactive'),(231,84,'djgijwiognwghw',NULL,NULL,'Open',NULL,'2023-07-19 20:41:59','2023-07-19 20:42:39','Inactive'),(232,82,'ghughrgherjgeh',NULL,NULL,'Open',NULL,'2023-07-19 20:42:20','2023-07-19 20:42:43','Inactive'),(233,82,'Task 2 a 51',NULL,NULL,'Open',NULL,'2023-07-19 20:42:48','2023-07-19 20:43:32','Active'),(234,83,'fsdfgijwgljw',NULL,NULL,'Open',NULL,'2023-07-19 20:50:09','2023-07-20 12:09:42','Inactive'),(235,86,'fjsiurgjw',NULL,NULL,'Open',NULL,'2023-07-19 20:50:23','2023-07-19 20:56:49','Inactive'),(236,86,'fjsdigjw',NULL,NULL,'Open',NULL,'2023-07-19 20:50:37','2023-07-19 20:56:51','Inactive'),(237,85,'svjkgsrkgjwsrgh',NULL,NULL,'Open',NULL,'2023-07-19 20:50:54','2023-07-19 20:57:13','Inactive'),(238,86,'iigfhghrsigg',NULL,NULL,'Open',NULL,'2023-07-19 20:55:24','2023-07-19 20:56:53','Inactive'),(239,86,'djsijgisjgshgjsg',NULL,NULL,'Open',NULL,'2023-07-19 20:55:37','2023-07-19 20:56:55','Inactive'),(240,85,'jafdfgahfag',NULL,NULL,'Open',NULL,'2023-07-19 20:57:07','2023-07-19 20:57:18','Inactive'),(241,86,'hfuishgisgh',NULL,NULL,'Open',NULL,'2023-07-19 21:04:46','2023-07-20 12:09:33','Inactive'),(242,85,'fkshdghsgrhhsr',NULL,NULL,'Open',NULL,'2023-07-19 21:04:51','2023-07-20 12:09:38','Inactive'),(243,86,'dafg,najga',NULL,NULL,'Open',NULL,'2023-07-19 21:05:03','2023-07-19 21:06:52','Inactive'),(244,82,'fsuhgsgs',NULL,NULL,'Open',NULL,'2023-07-19 21:05:16','2023-07-19 21:05:16','Active'),(245,81,'fsdgjwighwyh',NULL,NULL,'Open',NULL,'2023-07-19 21:05:21','2023-07-20 12:09:47','Inactive'),(246,80,'fjasejkghwgw',NULL,NULL,'Open',NULL,'2023-07-19 21:05:30','2023-07-20 12:09:52','Inactive'),(247,85,'Task1 a54',NULL,3,'Open',NULL,'2023-07-20 16:51:54','2023-07-20 16:51:54','Active'),(248,86,'Task2 added during disconnect - edit',NULL,NULL,'In QA',NULL,'2023-07-20 19:55:10','2023-07-21 10:02:41','Active'),(249,86,'task3 a55',NULL,NULL,'Open',NULL,'2023-07-21 12:13:49','2023-07-21 12:13:49','Active'),(250,86,'task4 a55',NULL,2,'In development',NULL,'2023-07-21 12:14:07','2023-07-25 10:57:58','Active'),(251,88,'task 1 agenda 56',NULL,NULL,'Open',NULL,'2023-07-24 19:20:14','2023-07-24 19:20:14','Active'),(252,88,'task2 agenda56',NULL,NULL,'Open',NULL,'2023-07-24 19:21:34','2023-07-24 19:21:34','Active'),(253,88,'task3 agenda56',NULL,NULL,'Ready for QA',NULL,'2023-07-24 19:26:28','2023-07-25 10:56:12','Active'),(254,88,'task4 agenda56',NULL,NULL,'Open',NULL,'2023-07-25 12:49:15','2023-07-25 12:50:51','Active'),(255,88,'task5 agenda56',NULL,3,'In development',NULL,'2023-07-25 12:56:18','2023-07-25 12:56:28','Active'),(256,88,'task6 agenda56',NULL,4,'Ready for QA',NULL,'2023-07-25 13:41:04','2023-07-25 13:41:22','Active'),(257,89,'Task1 agenda 57',NULL,3,'In development','des for t1 agenda57','2023-07-25 18:29:36','2023-07-25 18:30:29','Active'),(258,88,'task7 agenda56',NULL,NULL,'Open',NULL,'2023-07-25 18:32:58','2023-07-25 18:32:58','Active'),(259,91,'task1 a58',NULL,2,'Ready for QA',NULL,'2023-07-25 18:33:54','2023-07-25 18:59:49','Active'),(260,91,'task2 a58',NULL,NULL,'Open',NULL,'2023-07-25 18:45:08','2023-07-25 18:45:08','Active'),(261,91,'task3 a58',NULL,NULL,'In development',NULL,'2023-07-26 10:01:16','2023-07-26 10:01:47','Active'),(262,91,'task4 a58',NULL,NULL,'Open',NULL,'2023-07-26 10:30:20','2023-07-26 10:30:20','Active'),(263,91,'task5 a58',NULL,NULL,'Open',NULL,'2023-07-26 10:34:33','2023-07-26 10:34:33','Active'),(264,91,'task6 a58',NULL,NULL,'Open',NULL,'2023-07-26 10:35:43','2023-07-27 12:47:36','Inactive'),(265,92,'task1 a59',NULL,NULL,'Open',NULL,'2023-07-26 12:02:44','2023-07-26 12:02:44','Active'),(266,91,'task7 a58',NULL,NULL,'Open',NULL,'2023-07-26 12:03:00','2023-07-26 12:26:48','Inactive'),(267,92,'task2 a59',NULL,NULL,'Open',NULL,'2023-07-26 12:03:07','2023-07-26 12:03:07','Active'),(268,92,'task3 a59','2023-07-06 08:05:00',1,'Open',NULL,'2023-07-26 12:05:42','2023-07-27 12:47:09','Active'),(269,92,'task4 a59',NULL,5,'Done',NULL,'2023-07-26 12:26:06','2023-07-26 12:36:54','Active'),(270,93,'Task 1 agenda 60',NULL,NULL,'Open',NULL,'2023-07-26 12:31:29','2023-07-26 12:33:00','Inactive'),(271,92,'task5 a59',NULL,NULL,'Open',NULL,'2023-07-26 12:37:05','2023-07-26 12:37:05','Active'),(272,92,'task6 a59',NULL,3,'Open',NULL,'2023-07-26 12:44:51','2023-07-26 12:44:51','Active'),(273,94,'task1 a60',NULL,NULL,'Ready for QA',NULL,'2023-07-26 12:47:59','2023-07-27 12:43:42','Active'),(274,94,'task2 a60','2023-07-07 12:44:00',4,'In development',NULL,'2023-07-26 12:48:22','2023-07-27 10:31:11','Active'),(275,94,'task3 a60','2023-06-29 08:48:00',2,'Ready for QA',NULL,'2023-07-26 12:48:45','2023-07-26 16:43:23','Active'),(276,94,'task4 a60',NULL,NULL,'In QA',NULL,'2023-07-26 12:50:03','2023-07-26 16:34:03','Active'),(277,94,'task5 a60',NULL,NULL,'Ready for QA',NULL,'2023-07-26 16:27:03','2023-07-26 17:21:21','Active'),(278,95,'t1 a61',NULL,NULL,'Open',NULL,'2023-07-26 17:54:41','2023-07-26 17:54:41','Active'),(279,94,'task6 a60',NULL,2,'Open',NULL,'2023-07-27 12:46:58','2023-07-27 12:46:58','Active'),(280,96,'Task 1 of Agenda61',NULL,NULL,'In development',NULL,'2023-07-27 18:15:22','2023-07-27 18:15:39','Active'),(281,96,'Task 2 of Agenda61',NULL,NULL,'Open',NULL,'2023-07-27 18:15:48','2023-07-27 18:16:16','Active'),(282,96,'Task3 of Agenda61',NULL,NULL,'Open',NULL,'2023-07-27 18:16:08','2023-07-27 18:16:08','Active'),(283,97,'t1 a62',NULL,NULL,'Open',NULL,'2023-07-27 18:26:38','2023-07-27 18:26:38','Active'),(284,97,'t2 a62',NULL,3,'Open',NULL,'2023-07-28 10:04:47','2023-07-28 10:04:47','Active'),(285,98,'task1 agenda63',NULL,NULL,'In development',NULL,'2023-07-28 10:05:07','2023-07-28 10:05:17','Active'),(286,99,'task1 agenda64',NULL,NULL,'Open',NULL,'2023-07-28 10:43:57','2023-07-28 10:43:57','Active'),(287,99,'task2 agenda64',NULL,NULL,'Open','editing description for task2 agenda64','2023-07-28 10:44:27','2023-07-31 20:03:58','Active'),(288,100,'task1 of agenda65',NULL,NULL,'Open',NULL,'2023-07-28 10:54:30','2023-07-28 10:54:30','Active'),(289,100,'task2 of agenda65',NULL,NULL,'Open',NULL,'2023-07-28 10:55:12','2023-07-28 10:55:12','Active'),(290,101,'T1 agenda 66',NULL,NULL,'In development','editing description -- again','2023-07-30 05:20:54','2023-07-31 20:04:51','Active'),(291,102,'e',NULL,3,'Open',NULL,'2023-07-31 12:28:35','2023-07-31 12:29:44','Inactive'),(292,101,'ff',NULL,NULL,'Open',NULL,'2023-07-31 12:28:45','2023-07-31 12:29:54','Inactive'),(293,102,'adwa',NULL,NULL,'Open',NULL,'2023-07-31 12:28:58','2023-07-31 12:29:40','Inactive'),(294,102,'dwdd',NULL,NULL,'Open',NULL,'2023-07-31 12:29:08','2023-07-31 12:29:37','Inactive'),(295,101,'dw',NULL,NULL,'Open',NULL,'2023-07-31 12:29:13','2023-07-31 12:29:51','Inactive'),(296,102,'sdw',NULL,NULL,'Open',NULL,'2023-07-31 12:29:23','2023-07-31 12:29:32','Inactive'),(297,101,'dwf',NULL,NULL,'Open',NULL,'2023-07-31 12:29:33','2023-07-31 12:29:48','Inactive'),(298,101,'t2',NULL,NULL,'Open',NULL,'2023-07-31 13:58:01','2023-07-31 20:04:44','Inactive'),(299,100,'t3',NULL,NULL,'Open',NULL,'2023-07-31 13:58:08','2023-07-31 13:58:08','Active'),(300,100,'Task 4 of agenda65',NULL,NULL,'In development',NULL,'2023-07-31 20:03:17','2023-07-31 20:03:26','Active'),(301,103,'Task 1 for agenda 68','2023-06-29 16:11:00',4,'Ready for QA',NULL,'2023-07-31 20:11:06','2023-07-31 20:13:54','Active'),(302,103,'Task2 for agenda 68',NULL,3,'In QA',NULL,'2023-07-31 20:12:08','2023-07-31 20:12:17','Active'),(303,102,'t1 for a67',NULL,NULL,'Open','Editing task 1 of 67','2023-07-31 20:12:42','2023-07-31 20:13:21','Active'),(304,102,'t2 for a67]',NULL,NULL,'Open',NULL,'2023-07-31 20:14:09','2023-07-31 20:14:34','Inactive'),(305,102,'task3 for agenda67','2023-06-30 04:17:00',3,'Open',NULL,'2023-07-31 20:14:28','2023-07-31 20:14:28','Active'),(306,104,'Task 1 of agenda 69',NULL,NULL,'In development',NULL,'2023-08-01 13:13:02','2023-08-01 13:13:10','Active'),(307,103,'Task3 agenda 68',NULL,NULL,'Open',NULL,'2023-08-01 14:02:03','2023-08-01 14:02:03','Active'),(308,104,'Task 2 of agenda 69',NULL,NULL,'Open',NULL,'2023-08-01 18:17:03','2023-08-01 18:17:03','Active'),(309,104,'Task 3 of agenda 69',NULL,NULL,'Open',NULL,'2023-08-01 18:18:31','2023-08-01 18:18:31','Active'),(310,104,'Task4 of agenda 69',NULL,NULL,'Open',NULL,'2023-08-01 18:18:37','2023-08-01 18:18:37','Active'),(311,104,'Task5 of agenda 69',NULL,NULL,'Open',NULL,'2023-08-01 18:18:49','2023-08-01 19:12:02','Active'),(312,103,'1',NULL,NULL,'Open',NULL,'2023-08-01 18:19:10','2023-08-01 18:19:48','Inactive'),(313,104,'2',NULL,NULL,'Open',NULL,'2023-08-01 18:19:12','2023-08-01 18:19:40','Inactive'),(314,104,'3',NULL,NULL,'Open',NULL,'2023-08-01 18:19:15','2023-08-01 18:19:43','Inactive'),(315,103,'1',NULL,NULL,'Open',NULL,'2023-08-01 18:20:22','2023-08-01 19:08:33','Inactive'),(316,103,'2',NULL,NULL,'Open',NULL,'2023-08-01 18:20:24','2023-08-01 19:08:40','Inactive'),(317,103,'3',NULL,NULL,'Open',NULL,'2023-08-01 18:20:27','2023-08-01 19:08:38','Inactive'),(318,103,'Task4 agenda 68',NULL,NULL,'Open',NULL,'2023-08-01 19:09:20','2023-08-01 19:09:20','Active'),(319,103,'Task4 agenda 68',NULL,NULL,'Open',NULL,'2023-08-01 19:09:22','2023-08-03 18:10:47','Inactive'),(320,104,'Task6',NULL,NULL,'Open',NULL,'2023-08-01 19:10:24','2023-08-01 19:10:24','Active'),(321,104,'Task6',NULL,NULL,'Open',NULL,'2023-08-01 19:10:26','2023-08-01 19:11:54','Inactive'),(322,104,'Task7',NULL,NULL,'Open',NULL,'2023-08-01 19:10:29','2023-08-01 19:10:29','Active'),(323,104,'Task7',NULL,NULL,'Open',NULL,'2023-08-01 19:10:31','2023-08-01 19:11:52','Inactive'),(324,104,'t8',NULL,NULL,'Open',NULL,'2023-08-01 19:11:06','2023-08-03 10:34:17','Inactive'),(325,104,'t8',NULL,NULL,'Open',NULL,'2023-08-01 19:11:08','2023-08-01 19:11:48','Inactive'),(326,104,'t9',NULL,NULL,'Open',NULL,'2023-08-01 19:11:31','2023-08-03 10:34:22','Inactive'),(327,104,'t9',NULL,NULL,'Open',NULL,'2023-08-01 19:11:33','2023-08-01 19:11:45','Inactive'),(328,104,'t9',NULL,NULL,'Open',NULL,'2023-08-01 19:11:35','2023-08-03 18:10:18','Inactive'),(329,104,'t9',NULL,NULL,'Open',NULL,'2023-08-01 19:11:37','2023-08-01 19:11:43','Inactive'),(330,103,'Task 5 a 68',NULL,NULL,'Open',NULL,'2023-08-01 19:16:03','2023-08-01 19:16:03','Active'),(331,103,'Task 5 a 68',NULL,NULL,'Open',NULL,'2023-08-01 19:16:05','2023-08-03 18:10:43','Inactive'),(332,103,'t6',NULL,NULL,'Open',NULL,'2023-08-01 19:16:07','2023-08-03 18:10:26','Inactive'),(333,103,'t6',NULL,NULL,'Open',NULL,'2023-08-01 19:16:09','2023-08-03 18:10:28','Inactive'),(334,104,'t10',NULL,NULL,'Open',NULL,'2023-08-02 10:04:26','2023-08-03 10:34:43','Inactive'),(335,104,'t10',NULL,NULL,'Open',NULL,'2023-08-02 10:04:28','2023-08-03 10:34:27','Inactive'),(336,105,'Task1 of Agenda70',NULL,NULL,'Open',NULL,'2023-08-03 18:07:08','2023-08-03 18:07:08','Active'),(337,105,'Task1 of Agenda70',NULL,NULL,'Open',NULL,'2023-08-03 18:07:10','2023-08-03 18:09:51','Inactive'),(338,105,'Task2 of Agenda70',NULL,NULL,'In development',NULL,'2023-08-03 18:10:02','2023-08-03 18:10:11','Active'),(339,106,'Task 1 of agenda 70',NULL,NULL,'Open',NULL,'2023-08-07 16:46:42','2023-08-07 16:46:42','Active');
/*!40000 ALTER TABLE `tasks` ENABLE KEYS */;
UNLOCK TABLES;
/*!40103 SET TIME_ZONE=@OLD_TIME_ZONE */;

/*!40101 SET SQL_MODE=@OLD_SQL_MODE */;
/*!40014 SET FOREIGN_KEY_CHECKS=@OLD_FOREIGN_KEY_CHECKS */;
/*!40014 SET UNIQUE_CHECKS=@OLD_UNIQUE_CHECKS */;
/*!40101 SET CHARACTER_SET_CLIENT=@OLD_CHARACTER_SET_CLIENT */;
/*!40101 SET CHARACTER_SET_RESULTS=@OLD_CHARACTER_SET_RESULTS */;
/*!40101 SET COLLATION_CONNECTION=@OLD_COLLATION_CONNECTION */;
/*!40111 SET SQL_NOTES=@OLD_SQL_NOTES */;

-- Dump completed on 2023-08-09 15:20:17
